,Unnamed: 0,Last,Change,%Change,Open,Low,High,Previous Close,Volume,Value,Net-Foreign,52 Week High,52 Week Low,Support 1,Support 2,Resistance 1,Resistance 2,MA 20,MA 50,MA 100,MA 200,EMA 20,EMA 50,EMA 100,EMA 200,Trend-Short,Trend-Medium,Trend-Long,RSI(14),RSI(14).1,"MACD(12,26,9)",ATR(14),Volatility,CCI(20),"STS(14,3,3)",%R(14),VolumeSMA(10),VolumeSMA(15),VolumeSMA(20),ValueSMA(10),ValueSMA(15),ValueSMA(20),CandleStick(1),CandleStick(2),CandleStick(3),YTD%,MTD%,WTD%,NFB(5),NFB(15),NFB(30),NFB(60),NFB(360),EPS,EPS%,P/E,DPS%,P/BV,ROE,Date
0,188,3.52,-0.19,-0.0512,3.5,3.45,3.81,3.71,129428000.0,469351750.0,9631210.0,4.5,1.28,2.58,1.39,4.1,4.1,0.0,0.0,0.0,0.0,0.0,0.0,0.0,0.0,NONE,NONE,NONE,0.0,OVERSOLD,0.0,0.0,LOW,0.0,0.0,0.0,0.0,0.0,0.0,0.0,0.0,0.0,None,None,None,2.52,2.52,0.1932,-20264110.0,0.0,0.0,0.0,0.0,0.0,0.0,0.0,0.0,0.0,0.0,2020-06-24
1,190,3.02,-0.07,-0.0227,3.09,3.01,3.09,3.09,46114000.0,140525360.0,3018440.0,4.5,1.28,2.99,2.86,3.12,3.24,3.04,2.95,0.0,0.0,3.04,2.99,0.0,0.0,UPTREND,SIDEWAYS,NONE,50.6887,NEUTRAL,0.0234,0.040999999999999995,NEUTRAL,-6.6007,47.5308,-59.2593,41443500.0,33904666.67,30053850.0,129352597.0,104897193.33,92700024.5,Black Long Day,Bearish Engulfing,None,2.02,-0.0033,-0.0131,15118320.0,14503590.0,18787020.0,68291940.0,0.0,0.0,0.0,302.0,0.0,12.08,0.0,2020-10-06
2,191,5.46,0.12,0.0225,5.41,5.26,5.48,5.34,33237000.0,179135988.0,-6026226.0,5.49,1.28,4.58,3.2,5.48,5.48,4.07,3.48,3.18,0.0,4.28,3.7,3.32,0.0,UPTREND,UPTREND,UPTREND,86.8142,OVERBOUGHT,0.3677,0.0464,NEUTRAL,157.9193,96.2198,-1.4354,47153020.0,42836080.0,38567910.0,220281367.2,188654748.8,163384971.6,None,None,None,4.46,0.5826,0.2325,-865792.0,10844488.0,48318628.0,78619048.0,0.0,0.0,0.0,546.0,0.0,21.84,0.0,2020-11-20
3,190,3.03,0.0,0.0,3.04,3.02,3.06,3.03,7597000.0,23074740.0,428100.0,4.5,1.28,2.97,2.8,3.07,3.26,3.04,2.86,0.0,0.0,3.0,2.95,0.0,0.0,DOWNTREND,UPTREND,NONE,54.8552,NEUTRAL,0.0303,0.0455,NEUTRAL,-13.5577,65.3028,-30.7692,15477500.0,25770866.67,28208950.0,46657398.0,77268701.33,86241412.5,None,None,None,2.03,0.0306,0.0168,-7378910.0,4773910.0,45186880.0,80458490.0,0.0,0.0,0.0,303.0,0.0,12.12,0.0,2020-09-17
4,189,2.46,-0.03,-0.012,2.49,2.4,2.52,2.49,16854000.0,41504620.0,1569510.0,4.5,1.28,2.43,2.43,2.72,3.66,3.03,0.0,0.0,0.0,2.85,0.0,0.0,0.0,DOWNTREND,NONE,NONE,53.4477,NEUTRAL,0.0,0.1382,HIGH,-132.5569,8.2413,-94.1176,27156100.0,38576800.0,51930550.0,74798152.0,114936142.0,166797470.5,None,None,None,1.46,-0.2971,-0.0538,5252450.0,17368460.0,0.0,0.0,0.0,0.0,0.0,82.0,0.0,35.14,0.0,2020-07-21
5,191,6.2,0.35,0.0598,5.91,5.91,6.23,5.85,58785100.0,358781349.0,7099410.0,6.7,1.28,5.76,5.36,6.22,6.48,5.91,4.58,3.77,0.0,5.69,4.89,4.15,0.0,SIDEWAYS,UPTREND,UPTREND,70.6642,OVERBOUGHT,0.4554,0.0419,NEUTRAL,104.3257,48.4615,-15.3846,22677560.0,24329160.0,32507845.0,134761251.7,145430607.73,193560185.45,White Long Day,None,None,5.2,0.0316,0.0598,5429262.0,-97483077.0,-84802042.0,-30166222.0,0.0,0.0,0.0,620.0,0.0,24.8,0.0,2020-12-21
6,191,6.18,0.27,0.0457,5.92,5.92,6.47,5.91,69269200.0,432238340.0,-207354.0,6.7,1.28,5.86,5.28,6.34,6.48,5.96,4.82,3.91,0.0,5.8,5.06,4.29,0.0,SIDEWAYS,UPTREND,UPTREND,64.4028,NEUTRAL,0.3771,0.0481,NEUTRAL,151.1188,46.8254,-36.9048,33323520.0,29549533.33,31628270.0,202349201.6,178308696.8,190281227.15,None,None,None,5.18,0.0283,0.0232,8176477.0,-85009236.0,-94725625.0,-25842065.0,0.0,0.0,0.0,618.0,0.0,24.72,0.0,2020-12-29
7,188,3.37,1.12,0.4978,3.37,3.2,3.37,2.25,95564000.0,321719620.0,9313280.0,3.37,1.28,1.39,1.39,3.37,3.37,0.0,0.0,0.0,0.0,0.0,0.0,0.0,0.0,NONE,NONE,NONE,0.0,OVERSOLD,0.0,0.0,LOW,0.0,0.0,0.0,0.0,0.0,0.0,0.0,0.0,0.0,Dragonfly Doji,None,None,2.37,2.37,2.37,0.0,0.0,0.0,0.0,0.0,0.0,0.0,0.0,0.0,0.0,0.0,2020-06-17
8,189,2.87,-0.16,-0.0528,3.06,2.87,3.09,3.03,39831000.0,118178600.0,-1125640.0,4.5,1.28,2.73,2.08,3.06,3.48,2.61,0.0,0.0,0.0,2.75,0.0,0.0,0.0,UPTREND,NONE,NONE,58.3115,NEUTRAL,-0.0993,0.0842,HIGH,129.4946,91.1604,-19.6429,42758700.0,48089000.0,42597250.0,117841671.0,124230892.67,109956092.0,Black Long Day,Bearish Engulfing,None,1.87,0.0709,0.006999999999999999,849780.0,107820.0,17476280.0,0.0,0.0,0.0,0.0,95.67,0.0,41.0,0.0,2020-08-12
9,190,2.99,-0.02,-0.0066,3.03,2.95,3.06,3.01,19821000.0,59490470.0,120250.0,4.5,1.28,2.87,2.08,3.06,3.56,2.66,0.0,0.0,0.0,2.81,0.0,0.0,0.0,UPTREND,NONE,NONE,60.6255,NEUTRAL,-0.0432,0.0722,HIGH,102.1021,87.5207,-13.5135,33127200.0,41470066.67,41037850.0,95201031.0,112772393.33,107065877.5,None,None,None,1.99,0.1157,-0.0066,-2166600.0,-269610.0,14923770.0,0.0,0.0,0.0,0.0,299.0,0.0,11.96,0.0,2020-08-17
10,190,3.03,0.0,0.0,3.04,3.01,3.11,3.03,29188000.0,89527540.0,-7615790.0,4.5,1.28,2.94,2.8,3.07,3.26,3.05,2.86,0.0,0.0,2.99,2.94,0.0,0.0,DOWNTREND,UPTREND,NONE,54.8552,NEUTRAL,0.0335,0.0498,NEUTRAL,-1.9052,51.8156,-42.5532,22890900.0,27541800.0,31864650.0,68691176.0,83041621.33,97436606.5,None,None,None,2.03,0.0306,0.0168,703040.0,4283430.0,42814740.0,85718900.0,0.0,0.0,0.0,303.0,0.0,12.12,0.0,2020-09-15
11,190,3.01,0.08,0.0273,3.0,2.96,3.03,2.93,21340000.0,64211680.0,-209200.0,4.5,1.28,2.86,2.08,3.06,3.23,2.65,0.0,0.0,0.0,2.79,0.0,0.0,0.0,UPTREND,NONE,NONE,61.3198,NEUTRAL,-0.0608,0.0745,HIGH,116.7222,85.4776,-9.6386,35492600.0,45572200.0,41043650.0,100352093.0,120391668.0,106689078.5,None,None,None,2.01,0.1231,0.0561,-4666090.0,-679380.0,18086720.0,0.0,0.0,0.0,0.0,100.33,0.0,43.0,0.0,2020-08-14
12,188,2.95,0.2,0.0727,2.55,2.42,3.1,2.75,283349000.0,808957800.0,-3895960.0,4.5,1.28,1.39,1.39,3.94,3.94,0.0,0.0,0.0,0.0,0.0,0.0,0.0,0.0,NONE,NONE,NONE,0.0,OVERSOLD,0.0,0.0,LOW,0.0,0.0,0.0,0.0,0.0,0.0,0.0,0.0,0.0,None,None,None,1.95,1.95,1.95,-18530370.0,0.0,0.0,0.0,0.0,0.0,0.0,0.0,0.0,0.0,0.0,2020-06-19
13,190,2.93,-0.06,-0.0201,3.01,2.92,3.01,2.99,25778000.0,75966650.0,1606470.0,4.5,1.28,2.84,2.48,3.08,3.26,3.04,2.9,0.0,0.0,2.98,2.93,0.0,0.0,DOWNTREND,UPTREND,NONE,51.1722,NEUTRAL,0.0513,0.0588,HIGH,-64.9652,42.0,-66.0,32062000.0,36319066.67,34868400.0,96508173.0,111212636.0,106076069.5,Black Long Day,None,None,1.93,-0.0034,-0.0201,2156670.0,43621450.0,42942070.0,0.0,0.0,0.0,0.0,293.0,0.0,11.72,0.0,2020-09-08
14,190,2.94,-0.18,-0.0577,3.13,2.92,3.15,3.12,76468000.0,230216560.0,198580.0,4.5,1.28,2.93,2.48,3.24,3.36,2.96,2.94,0.0,0.0,2.98,2.92,0.0,0.0,UPTREND,SIDEWAYS,NONE,52.7188,NEUTRAL,0.0683,0.0628,HIGH,19.5045,52.8622,-80.0,38520500.0,37408200.0,39863350.0,119726083.0,114156964.0,117253596.5,Black Long Day,Bearish Engulfing,None,1.94,0.09699999999999999,-0.0954,-2665050.0,35573950.0,44677990.0,0.0,0.0,0.0,0.0,294.0,0.0,11.76,0.0,2020-08-28
15,190,3.12,0.04,0.013000000000000001,3.1,3.08,3.15,3.08,19671000.0,61450180.0,474420.0,4.5,1.28,3.08,2.48,3.26,3.48,2.94,2.95,0.0,0.0,2.99,2.92,0.0,0.0,UPTREND,SIDEWAYS,NONE,59.5413,NEUTRAL,0.0649,0.057999999999999996,HIGH,67.7757,77.6421,-27.451,32915900.0,34604333.33,37837300.0,102730812.0,105242214.0,110286241.5,None,Tweezer Bottoms,None,2.12,0.1642,-0.04,28726580.0,41044080.0,45554570.0,0.0,0.0,0.0,0.0,312.0,0.0,12.48,0.0,2020-08-27
16,191,5.15,0.45,0.0957,4.75,4.58,5.17,4.7,74627000.0,368935880.0,10771330.0,5.2,1.28,4.2,3.14,5.18,5.18,3.85,3.38,3.15,0.0,4.03,3.56,3.24,0.0,UPTREND,UPTREND,UPTREND,84.5541,OVERBOUGHT,0.2939,0.0484,NEUTRAL,162.998,88.2033,-2.7624,47149400.0,42195866.67,39655800.0,208599491.0,176760638.0,158679396.5,White Long Day,None,None,4.15,0.4928,0.1625,8524050.0,15028190.0,65743260.0,78350000.0,0.0,0.0,0.0,515.0,0.0,20.6,0.0,2020-11-18
17,191,5.85,0.04,0.0069,5.8,5.76,5.85,5.81,14265400.0,82864001.0,223104.0,6.7,1.28,5.76,5.28,6.04,6.48,5.87,4.52,3.73,0.0,5.64,4.84,4.11,0.0,UPTREND,UPTREND,UPTREND,63.9132,NEUTRAL,0.4755,0.0429,NEUTRAL,-21.8401,26.62,-69.2308,18959360.0,25261066.67,31714050.0,111938622.0,150025354.07,187100238.2,None,None,None,4.85,-0.0266,-0.0234,-3941616.0,-113293713.0,-93447012.0,-36681142.0,0.0,0.0,0.0,585.0,0.0,23.4,0.0,2020-12-18
18,191,6.01,0.21,0.0362,5.9,5.7,6.02,5.8,37206100.0,221428703.0,-5815386.0,6.7,1.28,5.41,3.4,6.48,6.48,4.7,3.77,3.31,0.0,4.91,4.1,3.57,0.0,UPTREND,UPTREND,UPTREND,78.1989,OVERBOUGHT,0.5518,0.0595,HIGH,103.9396,71.395,-24.3816,57987780.0,50714586.67,46586490.0,318874601.0,262323398.67,228092927.0,Hammer,None,None,5.01,0.742,0.1007,-9913119.0,6254229.0,6509909.0,67614729.0,0.0,0.0,0.0,601.0,0.0,24.04,0.0,2020-11-27
19,191,3.51,0.06,0.0174,3.46,3.46,3.55,3.45,34302000.0,120507700.0,866230.0,4.5,1.28,3.2,2.98,3.53,3.84,3.2,3.11,0.0,0.0,3.24,3.12,0.0,0.0,UPTREND,SIDEWAYS,NONE,68.1897,NEUTRAL,0.0732,0.0392,NEUTRAL,143.7847,87.4501,-7.1429,41738600.0,39473600.0,38449550.0,139622402.0,129494733.33,124044965.5,None,None,None,2.51,0.1584,0.0604,17002640.0,37474140.0,63751820.0,109123450.0,0.0,0.0,0.0,351.0,0.0,14.04,0.0,2020-10-28
20,189,2.59,0.16,0.0658,2.47,2.46,2.59,2.43,35947000.0,90869460.0,-264410.0,4.5,1.28,2.08,2.08,2.6,3.36,2.71,0.0,0.0,0.0,2.66,0.0,0.0,0.0,DOWNTREND,NONE,NONE,55.8569,NEUTRAL,0.0,0.11900000000000001,HIGH,-40.37,45.2293,-44.1441,41945100.0,38023933.33,42168050.0,100642776.0,95301060.67,113788139.5,White Long Day,None,None,1.59,-0.26,0.1021,832580.0,10684780.0,-6449990.0,0.0,0.0,0.0,0.0,86.33,0.0,37.0,0.0,2020-07-29
21,190,3.03,0.05,0.0168,2.99,2.98,3.07,2.98,16828000.0,50845220.0,3330.0,4.5,1.28,2.92,2.8,3.07,3.26,3.05,2.86,0.0,0.0,2.99,2.94,0.0,0.0,DOWNTREND,UPTREND,NONE,54.8552,NEUTRAL,0.0358,0.0511,HIGH,-19.7679,46.6667,-46.0,24424000.0,27138400.0,31472250.0,72615544.0,82041112.67,96170813.5,None,None,None,2.03,0.0306,0.0168,9925300.0,8737380.0,50966260.0,44516270.0,0.0,0.0,0.0,303.0,0.0,12.12,0.0,2020-09-14
22,188,3.71,0.11,0.0306,3.76,3.52,3.96,3.6,262121000.0,988111990.0,13348420.0,4.5,1.28,2.58,1.39,4.1,4.1,0.0,0.0,0.0,0.0,0.0,0.0,0.0,0.0,NONE,NONE,NONE,0.0,OVERSOLD,0.0,0.0,LOW,0.0,0.0,0.0,0.0,0.0,0.0,0.0,0.0,0.0,None,None,None,2.71,2.71,0.2576,-20582040.0,0.0,0.0,0.0,0.0,0.0,0.0,0.0,0.0,0.0,0.0,2020-06-23
23,189,3.11,-0.18,-0.0547,3.31,2.96,3.33,3.29,103365000.0,323121630.0,3283200.0,4.5,1.28,3.04,1.39,3.56,4.1,0.0,0.0,0.0,0.0,0.0,0.0,0.0,0.0,NONE,NONE,NONE,67.462,NEUTRAL,0.0,0.1748,HIGH,0.0,0.0,-53.668,113864300.0,161519733.33,0.0,395094426.0,493344768.0,0.0,None,None,None,2.11,-0.1114,-0.114,1880700.0,11956480.0,0.0,0.0,0.0,0.0,0.0,103.67,0.0,44.43,0.0,2020-07-03
24,191,3.78,0.1,0.0272,3.68,3.61,3.78,3.68,26826000.0,100309130.0,-1545560.0,4.5,1.28,3.4,2.98,3.87,3.87,3.3,3.14,0.0,0.0,3.36,3.19,0.0,0.0,UPTREND,UPTREND,NONE,72.9074,OVERBOUGHT,0.1025,0.0378,NEUTRAL,167.9894,92.8095,0.0,27436500.0,38197800.0,37917650.0,94885808.0,129297654.67,125609153.0,None,None,None,2.78,0.0957,0.0957,-5068050.0,16838140.0,54635820.0,97362110.0,0.0,0.0,0.0,378.0,0.0,15.12,0.0,2020-11-04
25,188,2.25,0.75,0.5,2.0,1.91,2.25,1.5,141859000.0,301217460.0,2172780.0,2.25,1.28,1.39,1.39,2.25,2.25,0.0,0.0,0.0,0.0,0.0,0.0,0.0,0.0,NONE,NONE,NONE,0.0,OVERSOLD,0.0,0.0,LOW,0.0,0.0,0.0,0.0,0.0,0.0,0.0,0.0,0.0,White Long Day,None,None,1.25,1.25,1.25,0.0,0.0,0.0,0.0,0.0,0.0,0.0,0.0,0.0,0.0,0.0,2020-06-16
26,190,3.13,-0.01,-0.0032,3.2,3.12,3.34,3.14,121984000.0,395371520.0,4733740.0,4.5,1.28,2.86,2.73,3.24,3.56,3.01,2.86,0.0,0.0,3.02,2.97,0.0,0.0,UPTREND,UPTREND,NONE,58.6522,NEUTRAL,0.0258,0.0476,NEUTRAL,246.3868,71.7003,-38.8889,32889500.0,27493866.67,32209800.0,102218607.0,84805919.33,98227266.5,None,None,None,2.13,0.0646,0.0296,4112800.0,6851630.0,47480950.0,63141600.0,0.0,0.0,0.0,313.0,0.0,12.52,0.0,2020-09-24
27,189,2.5,-0.18,-0.0672,2.55,2.46,2.66,2.68,43475000.0,111001090.0,-2670720.0,4.5,1.28,2.34,2.08,2.72,3.14,2.65,0.0,0.0,0.0,2.64,0.0,0.0,0.0,DOWNTREND,NONE,NONE,53.1744,NEUTRAL,-0.2347,0.1187,HIGH,-34.1383,58.0239,-47.5248,48948500.0,43825600.0,41335600.0,118930724.0,109477523.33,107741601.0,None,None,None,1.5,-0.0672,-0.0672,-1550830.0,8112390.0,44129400.0,0.0,0.0,0.0,0.0,83.33,0.0,35.71,0.0,2020-08-03
28,190,2.85,-0.09,-0.0306,2.95,2.82,3.01,2.94,44519000.0,128771220.0,926930.0,4.5,1.28,2.84,2.48,3.24,3.57,2.96,2.94,0.0,0.0,2.97,2.91,0.0,0.0,UPTREND,SIDEWAYS,NONE,49.6551,NEUTRAL,0.0667,0.0649,HIGH,-33.3558,33.1224,-93.1818,40838400.0,37397733.33,38165500.0,126182037.0,114343481.33,113267065.0,None,None,None,1.85,-0.0306,-0.0306,1423720.0,36798690.0,44131190.0,0.0,0.0,0.0,0.0,285.0,0.0,11.4,0.0,2020-09-01
29,190,3.01,0.08,0.0273,2.93,2.92,3.11,2.93,27776000.0,84111450.0,7773200.0,4.5,1.28,2.92,2.8,3.06,3.26,3.04,2.89,0.0,0.0,2.98,2.93,0.0,0.0,DOWNTREND,UPTREND,NONE,54.1166,NEUTRAL,0.0472,0.0577,HIGH,-24.0508,43.3333,-50.0,33361500.0,36849400.0,34806650.0,100155211.0,112854034.67,106071556.0,None,Bullish Engulfing,None,2.01,0.0238,0.0067,10115530.0,51274400.0,51004790.0,78154650.0,0.0,0.0,0.0,301.0,0.0,12.04,0.0,2020-09-09
30,191,5.8,-0.45,-0.07200000000000001,6.38,5.8,6.7,6.25,105627100.0,663224461.0,-1295469.0,6.7,1.28,5.28,3.36,6.48,6.48,4.45,3.65,3.26,0.0,4.69,3.95,3.47,0.0,UPTREND,UPTREND,UPTREND,76.3036,OVERBOUGHT,0.4893,0.0586,HIGH,149.672,88.515,-30.7167,53693700.0,48457266.67,44415150.0,282840581.3,238507957.53,207151701.15,None,None,None,4.8,0.6812,0.0623,1867561.0,19846701.0,52844821.0,82882611.0,0.0,0.0,0.0,580.0,0.0,23.2,0.0,2020-11-25
31,190,3.38,-0.01,-0.0029,3.39,3.31,3.42,3.39,24925000.0,83682450.0,1786820.0,4.5,1.28,3.05,2.9,3.46,3.62,3.11,3.06,0.0,0.0,3.14,3.05,0.0,0.0,UPTREND,SIDEWAYS,NONE,68.8889,NEUTRAL,0.0413,0.0397,NEUTRAL,176.2689,81.4894,-24.5614,45601900.0,39210933.33,42943250.0,146480627.0,124618896.67,135950618.5,None,None,None,2.38,0.1155,-0.0029,25492470.0,51922820.0,54053130.0,95926670.0,0.0,0.0,0.0,338.0,0.0,13.52,0.0,2020-10-19
32,191,5.92,-0.08,-0.0133,6.08,5.85,6.08,6.0,25148900.0,149565242.0,-31022884.0,6.7,1.28,5.88,3.81,6.24,6.48,5.29,4.07,3.46,0.0,5.34,4.44,3.8,0.0,UPTREND,UPTREND,UPTREND,70.02199999999999,OVERBOUGHT,0.6184,0.0527,HIGH,64.1417,67.0113,-36.7925,41529320.0,47065493.33,44341170.0,249402044.6,263381943.2,234841705.9,Black Long Day,Bearish Engulfing,None,4.92,-0.015,-0.0133,-50264510.0,-61043421.0,-32330501.0,7234689.0,0.0,0.0,0.0,592.0,0.0,23.68,0.0,2020-12-07
33,188,3.48,-0.04,-0.0114,3.45,3.42,3.72,3.52,113536000.0,405486080.0,-630340.0,4.5,1.28,2.68,1.39,3.84,4.1,0.0,0.0,0.0,0.0,0.0,0.0,0.0,0.0,NONE,NONE,NONE,0.0,OVERSOLD,0.0,0.0,LOW,0.0,0.0,0.0,0.0,0.0,0.0,0.0,0.0,0.0,None,None,None,2.48,2.48,0.1797,27923970.0,0.0,0.0,0.0,0.0,0.0,0.0,0.0,0.0,0.0,0.0,2020-06-25
34,190,2.93,0.06,0.0209,2.88,2.87,3.0,2.87,20422000.0,60263850.0,64230.0,4.5,1.28,2.8,2.08,3.06,3.36,2.63,0.0,0.0,0.0,2.77,0.0,0.0,0.0,UPTREND,NONE,NONE,59.6013,NEUTRAL,-0.0799,0.0798,HIGH,110.3981,87.773,-14.2857,41206200.0,46970133.33,41575650.0,114781110.0,122369737.33,107711943.0,None,Tweezer Bottoms,None,1.93,0.0933,0.0281,-4754700.0,67760.0,16085840.0,0.0,0.0,0.0,0.0,97.67,0.0,41.86,0.0,2020-08-13
35,190,3.07,0.02,0.0066,3.07,3.02,3.09,3.05,26595000.0,81465890.0,-6827750.0,4.5,1.28,2.9,2.8,3.24,3.36,3.01,2.88,0.0,0.0,3.03,2.97,0.0,0.0,UPTREND,UPTREND,NONE,54.7313,NEUTRAL,0.0273,0.0465,NEUTRAL,56.1283,52.4691,-50.0,35949900.0,29906400.0,30186950.0,111798290.0,92330973.33,92206917.0,Doji,None,None,2.07,0.0442,0.0066,-2662600.0,2130310.0,43936090.0,60021930.0,0.0,0.0,0.0,307.0,0.0,12.28,0.0,2020-09-28
36,190,2.98,0.01,0.0034,2.99,2.96,3.02,2.97,8250000.0,24617700.0,-80720.0,4.5,1.28,2.92,2.8,3.06,3.26,3.04,2.87,0.0,0.0,2.98,2.93,0.0,0.0,DOWNTREND,UPTREND,NONE,52.8142,NEUTRAL,0.0388,0.0537,HIGH,-48.11,45.3333,-56.0,30388000.0,30324600.0,31651950.0,90552678.0,92474000.67,96641745.0,None,None,None,1.98,0.0136,-0.0033,9772030.0,40324260.0,50698520.0,53826220.0,0.0,0.0,0.0,298.0,0.0,11.92,0.0,2020-09-11
37,189,3.03,-0.1,-0.0319,3.1,3.0,3.14,3.13,30897000.0,94381750.0,717020.0,4.5,1.28,2.9,1.39,3.36,4.1,0.0,0.0,0.0,0.0,0.0,0.0,0.0,0.0,NONE,NONE,NONE,64.7578,NEUTRAL,0.0,0.1563,HIGH,0.0,32.7547,-60.3896,66851900.0,137940600.0,0.0,221299789.0,454205368.0,0.0,None,Tweezer Tops,None,2.03,-0.1343,-0.0257,6165880.0,-17134770.0,0.0,0.0,0.0,0.0,0.0,101.0,0.0,43.29,0.0,2020-07-08
38,189,2.71,0.21,0.084,2.47,2.47,2.73,2.5,36813000.0,96733080.0,612850.0,4.5,1.28,2.39,2.08,2.74,3.14,2.64,0.0,0.0,0.0,2.65,0.0,0.0,0.0,DOWNTREND,NONE,NONE,57.248999999999995,NEUTRAL,-0.2192,0.1085,HIGH,-1.3186,70.2386,-7.5,50531300.0,45168066.67,40529050.0,123365678.0,112620920.0,104731861.5,White Long Day,Bullish Engulfing,None,1.71,0.0112,0.0112,-107600.0,5781660.0,35271610.0,0.0,0.0,0.0,0.0,90.33,0.0,38.71,0.0,2020-08-04
39,189,2.93,-0.18,-0.0579,3.0,2.88,3.09,3.11,52944000.0,156927870.0,4211400.0,4.5,1.28,2.9,1.39,3.56,4.1,0.0,0.0,0.0,0.0,0.0,0.0,0.0,0.0,NONE,NONE,NONE,64.7398,NEUTRAL,0.0,0.1779,HIGH,0.0,44.4245,-75.4808,97861000.0,148338266.67,0.0,342157633.0,479142153.33,0.0,None,None,None,1.93,-0.1629,-0.0579,3797920.0,-6530070.0,0.0,0.0,0.0,0.0,0.0,97.67,0.0,41.86,0.0,2020-07-06
40,189,3.5,0.25,0.0769,3.36,3.24,3.55,3.25,74253000.0,251263440.0,-2941270.0,4.5,1.28,3.22,1.39,3.66,4.1,0.0,0.0,0.0,0.0,0.0,0.0,0.0,0.0,NONE,NONE,NONE,0.0,OVERSOLD,0.0,0.0,LOW,0.0,0.0,0.0,182668500.0,0.0,0.0,606435778.0,0.0,0.0,None,None,None,2.5,2.5,-0.0028,5140000.0,0.0,0.0,0.0,0.0,0.0,0.0,0.0,0.0,0.0,0.0,2020-06-30
41,189,2.49,-0.11,-0.0423,2.6,2.4,2.6,2.6,20985000.0,52383540.0,622400.0,4.5,1.28,2.44,2.08,2.84,3.84,3.09,0.0,0.0,0.0,2.9,0.0,0.0,0.0,DOWNTREND,NONE,NONE,54.0123,NEUTRAL,0.0,0.1433,HIGH,-136.0305,12.7132,-92.56200000000001,30526800.0,42403400.0,64193900.0,86098045.0,128920063.33,214127839.0,None,None,None,1.49,-0.2886,-0.0423,4797420.0,12857680.0,0.0,0.0,0.0,0.0,0.0,83.0,0.0,35.57,0.0,2020-07-20
42,190,3.15,-0.23,-0.068,3.38,3.13,3.38,3.38,74083000.0,239044070.0,-6140540.0,4.5,1.28,3.13,2.98,3.46,3.57,3.12,3.06,0.0,0.0,3.14,3.05,0.0,0.0,UPTREND,SIDEWAYS,NONE,52.4729,NEUTRAL,0.047,0.0453,NEUTRAL,63.2008,62.5731,-64.9123,48398800.0,42484533.33,44921150.0,156332498.0,135420415.33,142842547.5,Black Long Day,None,None,2.15,0.0396,-0.0708,4737510.0,46217810.0,46306120.0,89248190.0,0.0,0.0,0.0,315.0,0.0,12.6,0.0,2020-10-20
43,191,5.9,0.08,0.0137,5.78,5.65,5.98,5.82,17698300.0,103278924.0,516372.0,6.7,1.28,5.74,4.09,6.07,6.48,5.48,4.18,3.52,0.0,5.44,4.55,3.88,0.0,UPTREND,UPTREND,UPTREND,68.1249,NEUTRAL,0.5982,0.0518,HIGH,44.4,55.8813,-54.0541,39224990.0,41107653.33,42491690.0,236932303.6,237777260.53,232123979.9,None,None,None,4.9,-0.0183,-0.0167,-93052230.0,-95290093.0,-85030343.0,-36445473.0,0.0,0.0,0.0,590.0,0.0,23.6,0.0,2020-12-10
44,190,2.99,0.0,0.0,3.0,2.95,3.02,2.99,8128000.0,24332510.0,-149940.0,4.5,1.28,2.8,2.48,3.08,3.26,3.03,2.91,0.0,0.0,2.98,2.93,0.0,0.0,UPTREND,UPTREND,NONE,53.5661,NEUTRAL,0.0562,0.0598,HIGH,-32.1873,47.3333,-54.0,31797900.0,36023200.0,35813300.0,96363499.0,110428971.33,108576410.0,None,None,None,1.99,0.017,0.0,1477130.0,41805780.0,41873540.0,0.0,0.0,0.0,0.0,299.0,0.0,11.96,0.0,2020-09-07
45,191,5.99,0.09,0.0153,5.93,5.92,6.05,5.9,12707400.0,76033952.0,-1423113.0,6.7,1.28,5.74,4.2,6.07,6.48,5.57,4.24,3.56,0.0,5.49,4.61,3.92,0.0,UPTREND,UPTREND,UPTREND,69.4918,NEUTRAL,0.584,0.0491,NEUTRAL,56.85,51.7103,-49.3056,29933020.0,36979680.0,41813360.0,178213252.7,218250465.33,230526917.0,None,None,None,4.99,-0.0033,-0.0017,-89244097.0,-107484536.0,-92456346.0,-37871916.0,0.0,0.0,0.0,599.0,0.0,23.96,0.0,2020-12-11
46,191,6.0,0.07,0.0118,5.94,5.93,6.14,5.93,21603100.0,130555052.0,-13660238.0,6.7,1.28,5.82,3.81,6.24,6.48,5.19,4.01,3.43,0.0,5.28,4.38,3.76,0.0,UPTREND,UPTREND,UPTREND,72.536,OVERBOUGHT,0.6191,0.0531,HIGH,75.9418,71.3209,-31.25,42338130.0,47358700.0,45547925.0,252359119.2,262073987.73,236942968.8,Inverted Hammer,Tweezer Bottoms,None,5.0,-0.0017,-0.0017,-25057012.0,-23774067.0,-275347.0,46030773.0,0.0,0.0,0.0,600.0,0.0,24.0,0.0,2020-12-04
47,190,3.0,0.07,0.0239,2.93,2.8,3.02,2.93,34525000.0,101205490.0,584490.0,4.5,1.28,2.86,2.48,3.06,3.24,3.01,2.85,0.0,0.0,2.99,2.95,0.0,0.0,SIDEWAYS,UPTREND,NONE,52.6273,NEUTRAL,0.0243,0.0461,NEUTRAL,-104.2613,64.3625,-35.4839,18664200.0,21536266.67,25363100.0,56047452.0,64456246.0,76277812.5,None,None,None,2.0,0.0204,-0.0132,3067890.0,5927600.0,42726290.0,60862820.0,0.0,0.0,0.0,300.0,0.0,12.0,0.0,2020-09-22
48,189,2.36,-0.1,-0.0407,2.44,2.29,2.49,2.46,37205000.0,88181180.0,104290.0,4.5,1.28,2.32,2.32,2.7,3.62,2.97,0.0,0.0,0.0,2.81,0.0,0.0,0.0,DOWNTREND,NONE,NONE,51.5148,NEUTRAL,0.0,0.1398,HIGH,-133.4207,6.6837,-93.2692,27786900.0,36724733.33,47319400.0,74178095.0,105868522.0,147738942.0,None,None,None,1.36,-0.3257,-0.0923,4281580.0,16018080.0,0.0,0.0,0.0,0.0,0.0,78.67,0.0,33.71,0.0,2020-07-22
49,189,2.85,0.12,0.044000000000000004,2.76,2.75,2.86,2.73,44676000.0,125973460.0,-297810.0,4.5,1.28,2.48,2.08,2.86,3.04,2.6,0.0,0.0,0.0,2.68,0.0,0.0,0.0,SIDEWAYS,NONE,NONE,59.7822,NEUTRAL,-0.1637,0.092,HIGH,88.0905,91.0089,-2.2222,53100100.0,44552733.33,41471500.0,135254317.0,112029981.33,106046878.0,White Long Day,None,None,1.85,0.0634,0.0634,3156340.0,7332500.0,18136530.0,0.0,0.0,0.0,0.0,95.0,0.0,40.71,0.0,2020-08-07
50,191,6.07,-0.12,-0.0194,6.2,6.02,6.21,6.19,21111200.0,129093265.0,1007529.0,6.7,1.28,5.7,3.57,6.44,6.48,4.97,3.89,3.37,0.0,5.13,4.25,3.67,0.0,UPTREND,UPTREND,UPTREND,75.9489,OVERBOUGHT,0.6001,0.0562,HIGH,97.4704,77.4789,-23.8636,48413320.0,47823480.0,46613660.0,278151435.3,257155669.53,234200070.15,Black Long Day,None,None,5.07,0.01,0.01,-16172223.0,-3713593.0,14262417.0,66378787.0,0.0,0.0,0.0,607.0,0.0,24.28,0.0,2020-12-02
51,191,3.45,0.03,0.0088,3.43,3.31,3.48,3.42,32241000.0,109799030.0,571540.0,4.5,1.28,3.14,2.98,3.46,3.57,3.17,3.1,0.0,0.0,3.21,3.1,0.0,0.0,UPTREND,SIDEWAYS,NONE,65.9818,NEUTRAL,0.066,0.0407,NEUTRAL,121.2121,77.5503,-12.963,41693800.0,40154933.33,37780200.0,138354006.0,130417220.0,121211977.5,None,None,None,2.45,0.1386,0.0423,17168680.0,48268170.0,62771760.0,105586500.0,0.0,0.0,0.0,345.0,0.0,13.8,0.0,2020-10-27
52,190,2.97,-0.04,-0.0133,3.05,2.97,3.06,3.01,10465000.0,31440680.0,623020.0,4.5,1.28,2.92,2.8,3.06,3.26,3.04,2.88,0.0,0.0,2.98,2.93,0.0,0.0,DOWNTREND,UPTREND,NONE,52.4147,NEUTRAL,0.0429,0.0564,HIGH,-34.6758,42.0,-58.0,31530100.0,32861133.33,33231000.0,94235926.0,100543799.33,101319790.0,Black Long Day,None,None,1.97,0.0102,-0.0067,10117740.0,51601020.0,52458190.0,56079720.0,0.0,0.0,0.0,297.0,0.0,11.88,0.0,2020-09-10
53,190,3.17,0.18,0.0602,3.01,2.94,3.2,2.99,70289000.0,216094210.0,296400.0,4.5,1.28,2.87,2.08,3.18,3.56,2.7,0.0,0.0,0.0,2.84,0.0,0.0,0.0,UPTREND,NONE,NONE,64.5193,NEUTRAL,-0.0244,0.0691,HIGH,116.8317,90.9313,-4.0541,36474800.0,39490733.33,43503050.0,107137144.0,110593829.33,115251411.0,None,None,None,2.17,0.1828,0.0532,-853960.0,857170.0,11008770.0,0.0,0.0,0.0,0.0,317.0,0.0,12.68,0.0,2020-08-18
54,189,2.9,0.05,0.0175,2.88,2.86,2.94,2.85,29011000.0,84201720.0,-2379240.0,4.5,1.28,2.59,2.08,2.92,3.14,2.59,0.0,0.0,0.0,2.7,0.0,0.0,0.0,UPTREND,NONE,NONE,60.7769,NEUTRAL,-0.1429,0.0861,HIGH,125.98700000000001,92.6995,-4.1237,47865900.0,45157666.67,42263200.0,126296530.0,114179796.67,108277628.0,None,None,None,1.9,0.0821,0.0175,3447820.0,4441610.0,18971070.0,0.0,0.0,0.0,0.0,96.67,0.0,41.43,0.0,2020-08-10
55,189,2.65,-0.31,-0.1047,2.97,2.58,2.98,2.96,58452000.0,161503190.0,1114480.0,4.5,1.28,2.62,2.54,3.11,4.1,3.21,0.0,0.0,0.0,3.06,0.0,0.0,0.0,DOWNTREND,NONE,NONE,57.62,NEUTRAL,0.0,0.1532,HIGH,-144.7069,8.3093,-93.8596,44804200.0,60533400.0,113736350.0,138838368.0,200019397.33,372637073.0,Black Long Day,None,None,1.65,-0.2429,-0.1137,5212480.0,17256010.0,0.0,0.0,0.0,0.0,0.0,88.33,0.0,37.86,0.0,2020-07-14
56,190,2.99,-0.02,-0.0066,2.98,2.93,3.08,3.01,11366000.0,34051430.0,264990.0,4.5,1.28,2.8,2.48,3.1,3.26,3.02,2.92,0.0,0.0,2.98,2.93,0.0,0.0,UPTREND,UPTREND,NONE,53.5661,NEUTRAL,0.0598,0.0626,HIGH,-13.5075,52.0,-54.0,37447200.0,36842800.0,37127400.0,114664102.0,112824394.0,112184550.0,None,None,None,1.99,0.017,0.017,1825650.0,42019950.0,42127770.0,0.0,0.0,0.0,0.0,299.0,0.0,11.96,0.0,2020-09-04
57,190,3.06,0.04,0.0132,3.01,2.96,3.09,3.02,26636000.0,80561920.0,-338760.0,4.5,1.28,2.99,2.86,3.1,3.24,3.03,2.92,0.0,0.0,3.03,2.98,0.0,0.0,UPTREND,UPTREND,NONE,54.0428,NEUTRAL,0.0248,0.0425,NEUTRAL,4.9221,43.8271,-51.8519,40323400.0,31751266.67,27833300.0,125086050.0,98225416.0,85692511.5,None,None,None,2.06,0.0099,0.0033,-4930390.0,-5894300.0,34429960.0,56470430.0,0.0,0.0,0.0,306.0,0.0,12.24,0.0,2020-10-02
58,189,3.25,-0.26,-0.0741,3.51,3.2,3.55,3.51,92181000.0,306043910.0,2294180.0,4.5,1.28,3.22,1.39,3.84,4.1,0.0,0.0,0.0,0.0,0.0,0.0,0.0,0.0,NONE,NONE,NONE,0.0,OVERSOLD,0.0,0.0,LOW,0.0,0.0,0.0,189429100.0,0.0,0.0,611431180.0,0.0,0.0,Black Long Day,None,None,2.25,2.25,-0.0741,21429690.0,0.0,0.0,0.0,0.0,0.0,0.0,0.0,0.0,0.0,0.0,2020-06-29
59,190,3.23,0.02,0.0062,3.2,3.16,3.26,3.21,14781000.0,47641070.0,146860.0,4.5,1.28,3.04,2.34,3.26,3.56,2.87,2.9,0.0,0.0,2.96,2.9,0.0,0.0,UPTREND,SIDEWAYS,NONE,64.6034,NEUTRAL,0.045,0.0597,HIGH,109.4682,96.4038,-5.6604,36251800.0,36693200.0,42058850.0,111987901.0,109551248.0,119142215.5,None,Tweezer Bottoms,None,2.23,0.2052,-0.0062,40067670.0,41348890.0,49461280.0,0.0,0.0,0.0,0.0,323.0,0.0,12.92,0.0,2020-08-25
60,191,3.4,-0.11,-0.0313,3.45,3.39,3.47,3.51,26571000.0,91016350.0,514610.0,4.5,1.28,3.28,2.98,3.53,3.84,3.22,3.11,0.0,0.0,3.26,3.13,0.0,0.0,UPTREND,UPTREND,NONE,60.4441,NEUTRAL,0.0789,0.0401,NEUTRAL,92.3491,84.3695,-26.7857,34065200.0,40489333.33,38407500.0,114198901.0,133282426.0,124439684.5,None,None,None,2.4,0.1221,0.0272,15056400.0,38147070.0,63838330.0,109025210.0,0.0,0.0,0.0,340.0,0.0,13.6,0.0,2020-10-29
61,191,6.19,0.18,0.03,6.05,6.05,6.3,6.01,23060200.0,142729508.0,-1357671.0,6.7,1.28,5.55,3.42,6.48,6.48,4.84,3.83,3.34,0.0,5.03,4.18,3.62,0.0,UPTREND,UPTREND,UPTREND,79.6978,OVERBOUGHT,0.579,0.057,HIGH,114.1431,75.1945,-19.3182,54904400.0,50421333.33,46410950.0,307520268.8,264793933.87,230678584.9,None,None,None,5.19,0.03,0.03,-10480224.0,4854968.0,8794378.0,65636248.0,0.0,0.0,0.0,619.0,0.0,24.76,0.0,2020-12-01
62,191,3.85,-0.03,-0.0077,3.9,3.77,3.94,3.88,27459000.0,105671480.0,41590.0,4.5,1.28,3.42,3.0,3.92,4.19,3.39,3.17,3.05,0.0,3.45,3.24,3.04,0.0,UPTREND,UPTREND,SIDEWAYS,73.2063,OVERBOUGHT,0.129,0.0381,NEUTRAL,169.8068,93.1727,-12.0482,31432100.0,34170066.67,38961950.0,112887883.0,118910113.33,132044954.0,None,None,None,2.85,0.1159,0.1159,-5795880.0,3939410.0,53929650.0,101410600.0,0.0,0.0,0.0,385.0,0.0,15.4,0.0,2020-11-06
63,189,2.46,0.11,0.0468,2.4,2.26,2.61,2.35,99979000.0,248772670.0,-830380.0,4.5,1.28,2.08,2.05,2.54,3.56,2.81,0.0,0.0,0.0,2.69,0.0,0.0,0.0,DOWNTREND,NONE,NONE,53.4184,NEUTRAL,0.0,0.1343,HIGH,-74.1962,27.2,-58.8235,44990800.0,38864533.33,45687550.0,110177780.0,100473415.33,128996086.5,None,None,None,1.46,-0.2971,0.0468,1091840.0,10151600.0,3621530.0,0.0,0.0,0.0,0.0,82.0,0.0,35.14,0.0,2020-07-27
64,191,6.04,0.11,0.0185,6.0,5.81,6.1,5.93,23999600.0,143909368.0,2213446.0,6.7,1.28,5.78,5.55,6.34,6.48,5.96,4.7,3.84,0.0,5.74,4.98,4.22,0.0,SIDEWAYS,UPTREND,UPTREND,63.3235,NEUTRAL,0.4148,0.047,NEUTRAL,12.0219,54.7924,-53.5714,26368330.0,26638520.0,34436970.0,158879602.4,159983661.33,207352431.8,None,None,None,5.04,0.005,0.0325,8949430.0,-91204025.0,-86349057.0,-32419407.0,0.0,0.0,0.0,604.0,0.0,24.16,0.0,2020-12-23
65,189,2.35,0.16,0.0731,2.11,1.97,2.35,2.19,81353000.0,173779590.0,-289520.0,4.5,1.28,2.08,2.08,2.54,3.56,2.85,0.0,0.0,0.0,2.71,0.0,0.0,0.0,DOWNTREND,NONE,NONE,51.3763,NEUTRAL,0.0,0.14,HIGH,-125.9619,15.7181,-68.0672,36660500.0,35728866.67,45297650.0,90258726.0,94350428.67,131859648.5,None,None,None,1.35,-0.3286,-0.0962,2544620.0,15193380.0,27149860.0,0.0,0.0,0.0,0.0,78.33,0.0,33.57,0.0,2020-07-24
66,189,2.51,-0.14,-0.0528,2.65,2.47,2.76,2.65,40854000.0,105146830.0,1075160.0,4.5,1.28,2.49,2.46,3.11,4.1,3.16,0.0,0.0,0.0,3.0,0.0,0.0,0.0,DOWNTREND,NONE,NONE,55.2366,NEUTRAL,0.0,0.1584,HIGH,-159.0397,6.0636,-96.5517,42391000.0,54628466.67,111000850.0,126933503.0,175739069.33,361808433.5,None,None,None,1.51,-0.2829,-0.1605,5570620.0,8699960.0,0.0,0.0,0.0,0.0,0.0,83.67,0.0,35.86,0.0,2020-07-15
67,190,3.05,-0.02,-0.0065,3.09,3.04,3.14,3.07,24979000.0,77021290.0,-435530.0,4.5,1.28,3.01,2.84,3.24,3.57,3.02,2.89,0.0,0.0,3.03,2.98,0.0,0.0,UPTREND,UPTREND,NONE,53.4526,NEUTRAL,0.0275,0.0458,NEUTRAL,72.6817,47.5309,-53.7037,35529000.0,29853133.33,29209950.0,110547665.0,92401282.67,89619420.5,None,None,None,2.05,0.0374,0.0,-3682620.0,88310.0,43709760.0,61796480.0,0.0,0.0,0.0,305.0,0.0,12.2,0.0,2020-09-29
68,189,2.76,0.05,0.0185,2.75,2.74,2.84,2.71,42970000.0,119986140.0,-156690.0,4.5,1.28,2.48,2.08,2.8,3.11,2.62,0.0,0.0,0.0,2.66,0.0,0.0,0.0,DOWNTREND,NONE,NONE,58.1821,NEUTRAL,-0.2015,0.1023,HIGH,52.618,78.5933,-9.1954,53142900.0,44135933.33,40149500.0,131213830.0,109853116.67,103005991.0,None,None,None,1.76,0.0299,0.0299,-1943240.0,4510490.0,21766500.0,0.0,0.0,0.0,0.0,92.0,0.0,39.43,0.0,2020-08-05
69,189,2.73,-0.03,-0.0109,2.79,2.73,2.87,2.76,34410000.0,96495310.0,5668710.0,4.5,1.28,2.48,2.08,2.82,3.11,2.61,0.0,0.0,0.0,2.67,0.0,0.0,0.0,DOWNTREND,NONE,NONE,57.373000000000005,NEUTRAL,-0.1834,0.0997,HIGH,60.7462,89.2497,-15.5556,52863400.0,43706333.33,40325150.0,132045243.0,109276348.67,103111669.0,None,Bearish Engulfing,None,1.73,0.0187,0.0187,3989880.0,9104040.0,17804000.0,0.0,0.0,0.0,0.0,91.0,0.0,39.0,0.0,2020-08-06
70,190,3.01,-0.05,-0.0163,3.06,2.99,3.1,3.06,16981000.0,51799530.0,620810.0,4.5,1.28,2.8,2.39,3.14,3.26,3.01,2.93,0.0,0.0,2.98,2.92,0.0,0.0,UPTREND,SIDEWAYS,NONE,54.2962,NEUTRAL,0.0629,0.0631,HIGH,14.8718,38.9394,-50.0,40940400.0,38740466.67,38707600.0,125825427.0,118432872.0,116481285.5,None,Tweezer Tops,None,2.01,0.0238,0.0238,2035080.0,40629320.0,43432290.0,0.0,0.0,0.0,0.0,301.0,0.0,12.04,0.0,2020-09-03
71,191,5.89,-0.1,-0.0167,6.01,5.85,6.03,5.99,15309100.0,91119396.0,-5696844.0,6.7,1.28,5.74,4.58,6.04,6.48,5.73,4.35,3.62,0.0,5.57,4.71,4.0,0.0,UPTREND,UPTREND,UPTREND,65.8526,NEUTRAL,0.5487,0.0467,NEUTRAL,37.6834,47.3743,-57.8571,21938730.0,33905060.0,39963255.0,131276234.1,202986643.27,225075417.55,Black Long Day,None,None,4.89,-0.02,-0.0167,-52529287.0,-112706916.0,-101862428.0,-38110608.0,0.0,0.0,0.0,589.0,0.0,23.56,0.0,2020-12-15
72,191,4.33,0.21,0.051,4.12,4.06,4.4,4.12,37482000.0,158845140.0,397440.0,4.5,1.28,3.81,3.13,4.36,4.36,3.56,3.24,3.09,0.0,3.65,3.35,3.11,0.0,UPTREND,UPTREND,UPTREND,81.2791,OVERBOUGHT,0.1842,0.0391,NEUTRAL,178.1981,95.2638,-5.6911,35660700.0,31662866.67,38677250.0,136367432.0,117107176.0,137360719.0,None,Bullish Engulfing,None,3.33,0.2551,0.1247,11398090.0,23498720.0,69716530.0,113426290.0,0.0,0.0,0.0,433.0,0.0,17.32,0.0,2020-11-11
73,190,3.23,0.07,0.0222,3.2,3.17,3.27,3.16,12966000.0,41678410.0,2460850.0,4.5,1.28,3.14,2.98,3.46,3.84,3.12,3.07,0.0,0.0,3.15,3.06,0.0,0.0,UPTREND,SIDEWAYS,NONE,56.607,NEUTRAL,0.0525,0.043,NEUTRAL,60.0176,40.3509,-50.8772,46491800.0,41715200.0,37735800.0,151202025.0,133438503.33,119841425.0,None,None,None,2.23,0.066,-0.0472,-5321110.0,47039280.0,41403020.0,93861210.0,0.0,0.0,0.0,323.0,0.0,12.92,0.0,2020-10-22
74,191,3.42,0.11,0.0332,3.39,3.36,3.45,3.31,27310000.0,93158260.0,6002890.0,4.5,1.28,3.14,2.98,3.44,3.62,3.15,3.09,0.0,0.0,3.19,3.09,0.0,0.0,UPTREND,SIDEWAYS,NONE,64.84899999999999,NEUTRAL,0.0601,0.0404,NEUTRAL,137.5982,64.9123,-17.5439,48047100.0,41079800.0,37417100.0,157585572.0,132465642.0,119573090.5,None,None,None,2.42,0.1287,0.0332,10456600.0,50715070.0,54584430.0,105550690.0,0.0,0.0,0.0,342.0,0.0,13.68,0.0,2020-10-26
75,190,3.08,-0.15,-0.0464,3.23,3.08,3.23,3.23,28779000.0,90633530.0,-323070.0,4.5,1.28,2.87,2.39,3.26,3.56,2.9,2.93,0.0,0.0,2.97,2.91,0.0,0.0,UPTREND,SIDEWAYS,NONE,58.4312,NEUTRAL,0.0564,0.0616,HIGH,77.0945,85.083,-33.9623,34931900.0,36157600.0,38498850.0,108403654.0,109144611.33,111235258.5,Black Marubozu,Bearish Engulfing,None,2.08,0.1493,-0.0523,39448200.0,40412970.0,46194630.0,0.0,0.0,0.0,0.0,308.0,0.0,12.32,0.0,2020-08-26
76,190,3.06,0.21,0.0737,2.85,2.76,3.1,2.85,74149000.0,220219050.0,-185660.0,4.5,1.28,2.8,2.59,3.18,3.56,2.99,2.94,0.0,0.0,2.98,2.92,0.0,0.0,UPTREND,SIDEWAYS,NONE,56.0701,NEUTRAL,0.0652,0.0641,HIGH,-8.5516,28.9394,-40.0,46271200.0,40406933.33,39699200.0,142254895.0,123411303.33,118727963.0,None,Bullish Engulfing,None,2.06,0.0408,0.0408,1091200.0,38992270.0,43433880.0,0.0,0.0,0.0,0.0,306.0,0.0,12.24,0.0,2020-09-02
77,191,4.7,-0.13,-0.0269,4.95,4.67,5.2,4.83,86022000.0,422781600.0,-14788520.0,5.2,1.28,4.09,3.14,5.02,5.02,3.76,3.34,3.13,0.0,3.91,3.5,3.2,0.0,UPTREND,UPTREND,UPTREND,80.0861,OVERBOUGHT,0.2616,0.0475,NEUTRAL,177.76,87.7691,-26.455,44814000.0,39041400.0,37170700.0,190248705.0,158375463.33,144416725.0,None,None,None,3.7,0.3623,0.0609,-1475730.0,10259750.0,64738920.0,99168880.0,0.0,0.0,0.0,470.0,0.0,18.8,0.0,2020-11-17
78,188,1.5,0.5,0.5,1.5,1.28,1.5,1.0,250666000.0,369967090.0,22697950.0,1.5,1.28,1.39,1.39,1.5,1.5,0.0,0.0,0.0,0.0,0.0,0.0,0.0,0.0,NONE,NONE,NONE,0.0,OVERSOLD,0.0,0.0,LOW,0.0,0.0,0.0,0.0,0.0,0.0,0.0,0.0,0.0,Dragonfly Doji,None,None,0.5,0.5,0.5,0.0,0.0,0.0,0.0,0.0,0.0,0.0,0.0,0.0,0.0,0.0,2020-06-15
79,190,3.14,0.14,0.0467,3.0,2.97,3.18,3.0,58510000.0,181892160.0,-3374560.0,4.5,1.28,2.86,2.59,3.16,3.26,3.01,2.86,0.0,0.0,3.01,2.96,0.0,0.0,SIDEWAYS,UPTREND,NONE,59.2864,NEUTRAL,0.0244,0.0457,NEUTRAL,122.6111,67.5204,-10.5263,21737600.0,20493666.67,27549550.0,65825523.0,61901120.0,82990367.0,White Long Day,None,None,2.14,0.068,0.0329,-192840.0,2738700.0,41730970.0,60702040.0,0.0,0.0,0.0,314.0,0.0,12.56,0.0,2020-09-23
80,189,3.13,0.2,0.0683,2.99,2.93,3.14,2.93,50561000.0,154503550.0,164340.0,4.5,1.28,2.9,1.39,3.48,4.1,0.0,0.0,0.0,0.0,0.0,0.0,0.0,0.0,NONE,NONE,NONE,66.3639,NEUTRAL,0.0,0.1595,HIGH,0.0,34.9953,-65.8654,76705000.0,142251733.33,0.0,258796789.0,469361226.0,0.0,White Long Day,None,None,2.13,-0.1057,0.0064,6903530.0,-8538510.0,0.0,0.0,0.0,0.0,0.0,104.33,0.0,44.71,0.0,2020-07-07
81,190,3.1,0.1,0.0333,3.0,3.0,3.3,3.0,95774000.0,302114690.0,14614420.0,4.5,1.28,2.98,2.86,3.2,3.3,3.04,3.0,0.0,0.0,3.04,3.0,0.0,0.0,SIDEWAYS,SIDEWAYS,NONE,56.2828,NEUTRAL,0.0153,0.0406,NEUTRAL,138.6194,31.2915,-61.5385,33866600.0,39988066.67,34697800.0,104069949.0,124416280.67,107308807.0,Inverted Hammer,Bullish Engulfing,None,2.1,0.0231,0.0231,26361980.0,37797680.0,43725280.0,87856470.0,0.0,0.0,0.0,310.0,0.0,12.4,0.0,2020-10-13
82,190,3.03,-0.02,-0.0066,3.05,3.02,3.09,3.05,20915000.0,63847940.0,-61170.0,4.5,1.28,3.02,2.86,3.24,3.56,3.02,2.9,0.0,0.0,3.03,2.98,0.0,0.0,UPTREND,UPTREND,NONE,52.1407,NEUTRAL,0.0269,0.0445,NEUTRAL,23.2068,46.2963,-57.4074,36680600.0,29395733.33,26548250.0,114071853.0,91050382.0,81800865.0,None,None,None,2.03,0.0306,-0.0066,-369230.0,-7746060.0,43528340.0,58452110.0,0.0,0.0,0.0,303.0,0.0,12.12,0.0,2020-09-30
83,191,5.52,0.06,0.011000000000000001,5.48,5.44,5.6,5.46,23087200.0,127473100.0,-790566.0,5.6,1.28,4.64,3.28,5.56,5.56,4.19,3.53,3.21,0.0,4.4,3.77,3.37,0.0,UPTREND,UPTREND,UPTREND,87.2218,OVERBOUGHT,0.4045,0.0447,NEUTRAL,146.5409,95.8945,-3.7383,46715840.0,42603826.67,39073970.0,222461529.2,191085198.8,167674706.1,None,None,None,4.52,0.6,0.011000000000000001,-7553688.0,9539312.0,47686382.0,78151552.0,0.0,0.0,0.0,552.0,0.0,22.08,0.0,2020-11-23
84,191,4.83,0.4,0.0903,4.46,4.46,4.93,4.43,53894000.0,256272830.0,5897330.0,4.93,1.28,4.0,3.14,4.88,4.88,3.69,3.31,3.12,0.0,3.83,3.45,3.17,0.0,UPTREND,UPTREND,UPTREND,86.8233,OVERBOUGHT,0.2341,0.0413,NEUTRAL,197.1383,94.6904,-6.1728,37917500.0,34773133.33,35991350.0,153836901.0,135039010.0,134017901.0,White Long Day,None,None,3.83,0.4,0.0903,22888880.0,32149400.0,79188680.0,125153440.0,0.0,0.0,0.0,483.0,0.0,19.32,0.0,2020-11-16
85,190,2.93,-0.11,-0.0362,3.05,2.9,3.05,3.04,32591000.0,96578460.0,1651740.0,4.5,1.28,2.92,2.8,3.08,3.24,3.02,2.86,0.0,0.0,2.99,2.95,0.0,0.0,DOWNTREND,UPTREND,NONE,48.7343,NEUTRAL,0.0267,0.0451,NEUTRAL,-85.5594,65.9341,-51.4286,17789500.0,22202533.33,24793700.0,53523568.0,66293961.33,74943533.5,Black Long Day,Bearish Engulfing,None,1.93,-0.0034,-0.0362,-5132390.0,6270040.0,41843990.0,59647990.0,0.0,0.0,0.0,293.0,0.0,11.72,0.0,2020-09-21
86,189,2.69,0.18,0.0717,2.54,2.54,2.72,2.51,31980000.0,84668970.0,1473730.0,4.5,1.28,2.49,2.46,3.04,3.84,3.16,0.0,0.0,0.0,2.97,0.0,0.0,0.0,DOWNTREND,NONE,NONE,57.6614,NEUTRAL,0.0,0.1428,HIGH,-123.9156,9.629,-80.7018,42065500.0,49191400.0,86964100.0,123669192.0,154351262.0,283673617.5,White Long Day,None,None,1.69,-0.2314,-0.1003,6797450.0,10804030.0,0.0,0.0,0.0,0.0,0.0,89.67,0.0,38.43,0.0,2020-07-16
87,190,3.19,0.09,0.028999999999999998,3.15,3.11,3.23,3.1,33854000.0,107823740.0,17193880.0,4.5,1.28,2.99,2.86,3.24,3.56,3.05,3.02,0.0,0.0,3.05,3.01,0.0,0.0,SIDEWAYS,SIDEWAYS,NONE,61.6097,NEUTRAL,0.0169,0.0396,NEUTRAL,169.2745,39.9511,-31.4286,35160500.0,38344333.33,35920550.0,108467529.0,119478386.0,111269691.0,None,None,None,2.19,0.0528,0.0528,31895600.0,58366120.0,61104820.0,104538700.0,0.0,0.0,0.0,319.0,0.0,12.76,0.0,2020-10-14
88,189,2.99,-0.07,-0.0229,3.07,2.94,3.08,3.06,13177000.0,39586720.0,190500.0,4.5,1.28,2.9,1.39,3.14,4.1,3.11,0.0,0.0,0.0,3.11,0.0,0.0,0.0,UPTREND,NONE,NONE,63.7876,NEUTRAL,0.0,0.1428,HIGH,-24.715999999999998,22.1541,-89.8148,53934800.0,87198066.67,129606200.0,173460571.0,297574228.67,395642034.5,None,Bearish Engulfing,None,1.99,-0.1457,-0.0386,5530160.0,36017010.0,0.0,0.0,0.0,0.0,0.0,99.67,0.0,42.71,0.0,2020-07-10
89,190,3.05,-0.08,-0.0256,3.13,3.04,3.18,3.13,29087000.0,89793860.0,2221480.0,4.5,1.28,2.86,2.73,3.24,3.48,3.01,2.87,0.0,0.0,3.02,2.97,0.0,0.0,UPTREND,UPTREND,NONE,53.7029,NEUTRAL,0.0267,0.0486,NEUTRAL,104.5659,65.627,-53.7037,34973200.0,28675266.67,32680600.0,108736223.0,88522081.33,99644450.5,None,None,None,2.05,0.0374,0.0033,5816890.0,8808120.0,50828070.0,68304350.0,0.0,0.0,0.0,305.0,0.0,12.2,0.0,2020-09-25
90,190,3.04,0.04,0.0133,3.0,2.98,3.05,3.0,11335000.0,34200960.0,-158320.0,4.5,1.28,2.98,2.86,3.12,3.24,3.04,2.97,0.0,0.0,3.03,2.99,0.0,0.0,SIDEWAYS,SIDEWAYS,NONE,52.1576,NEUTRAL,0.0198,0.0398,NEUTRAL,-39.8333,40.7407,-55.5556,28979800.0,36495400.0,30934650.0,88480825.0,112688204.0,95349716.0,None,None,None,2.04,0.0033,-0.0065,23948610.0,25691260.0,30465170.0,76659800.0,0.0,0.0,0.0,304.0,0.0,12.16,0.0,2020-10-08
91,191,5.34,0.19,0.0369,5.22,5.22,5.49,5.15,42909200.0,229582404.0,3280294.0,5.49,1.28,4.32,3.14,5.42,5.42,3.96,3.43,3.16,0.0,4.15,3.63,3.28,0.0,UPTREND,UPTREND,UPTREND,85.984,OVERBOUGHT,0.33,0.0479,NEUTRAL,179.6336,87.8799,-7.1429,48757720.0,42907080.0,38097110.0,221526818.4,184746196.27,158206313.2,None,None,None,4.34,0.5478,0.2054,11406904.0,17736944.0,66005114.0,84792134.0,0.0,0.0,0.0,534.0,0.0,21.36,0.0,2020-11-19
92,189,2.96,-0.03,-0.01,2.98,2.91,3.05,2.99,16676000.0,49582130.0,2943580.0,4.5,1.28,2.94,2.08,3.14,4.1,3.19,0.0,0.0,0.0,3.1,0.0,0.0,0.0,DOWNTREND,NONE,NONE,63.2296,NEUTRAL,0.0,0.1373,HIGH,-59.6383,11.818,-91.3978,46384300.0,74111333.33,117906700.0,147814393.0,255126650.67,379622786.5,None,None,None,1.96,-0.1543,-0.01,4262340.0,29489950.0,0.0,0.0,0.0,0.0,0.0,98.67,0.0,42.29,0.0,2020-07-13
93,190,3.0,-0.03,-0.0099,3.03,2.99,3.04,3.03,19695000.0,59266920.0,33210.0,4.5,1.28,2.98,2.86,3.06,3.24,3.04,2.99,0.0,0.0,3.03,2.99,0.0,0.0,SIDEWAYS,SIDEWAYS,NONE,48.9785,NEUTRAL,0.016,0.0375,NEUTRAL,-72.3363,33.2858,-87.1795,26787100.0,35904800.0,31368500.0,81560609.0,111022334.0,96679449.5,None,None,None,2.0,-0.0099,-0.0099,14766000.0,23767750.0,30037790.0,74715780.0,0.0,0.0,0.0,300.0,0.0,12.0,0.0,2020-10-12
94,189,3.03,0.13,0.0448,2.93,2.92,3.06,2.9,41978000.0,126476000.0,-1016240.0,4.5,1.28,2.73,2.08,3.04,3.14,2.6,0.0,0.0,0.0,2.74,0.0,0.0,0.0,UPTREND,NONE,NONE,63.3174,NEUTRAL,-0.12,0.0803,HIGH,166.3946,96.9673,-2.7523,42065800.0,46557200.0,43528300.0,114066863.0,119119294.0,112122321.5,White Long Day,None,None,2.03,0.1306,0.0632,1818730.0,2802970.0,15660650.0,0.0,0.0,0.0,0.0,101.0,0.0,43.29,0.0,2020-08-11
95,190,3.09,0.03,0.0098,3.06,3.06,3.15,3.06,32203000.0,99924060.0,9766990.0,4.5,1.28,2.99,2.86,3.12,3.24,3.03,2.93,0.0,0.0,3.04,2.99,0.0,0.0,UPTREND,UPTREND,NONE,55.9361,NEUTRAL,0.0245,0.0412,NEUTRAL,98.645,47.5308,-46.2963,40284600.0,32776266.67,29037050.0,125420610.0,101497338.67,89472089.0,Inverted Hammer,None,None,2.09,0.0198,0.0098,11664350.0,3869360.0,12606740.0,65520400.0,0.0,0.0,0.0,309.0,0.0,12.36,0.0,2020-10-05
96,189,3.51,0.03,0.0086,3.55,3.49,3.63,3.48,50561000.0,179762100.0,-3213780.0,4.5,1.28,3.23,1.39,3.84,4.1,0.0,0.0,0.0,0.0,0.0,0.0,0.0,0.0,NONE,NONE,NONE,0.0,OVERSOLD,0.0,0.0,LOW,0.0,0.0,0.0,205277600.0,0.0,0.0,617823498.0,0.0,0.0,None,None,None,2.51,2.51,0.1898,28606150.0,0.0,0.0,0.0,0.0,0.0,0.0,0.0,0.0,0.0,0.0,2020-06-26
97,190,3.14,-0.03,-0.0095,3.19,3.08,3.22,3.17,46298000.0,145664680.0,11196040.0,4.5,1.28,2.9,2.08,3.2,3.48,2.73,0.0,0.0,0.0,2.87,0.0,0.0,0.0,UPTREND,NONE,NONE,63.394,NEUTRAL,-0.0062,0.068,HIGH,115.5215,90.6354,-10.5263,36807600.0,40383800.0,44975250.0,109704998.0,114942773.33,120459414.0,None,None,None,2.14,0.1716,0.0432,11467720.0,10374260.0,22040470.0,0.0,0.0,0.0,0.0,314.0,0.0,12.56,0.0,2020-08-19
98,191,5.81,-0.08,-0.0136,5.9,5.7,5.95,5.89,23429300.0,136518504.0,1282671.0,6.7,1.28,5.73,4.64,6.04,6.48,5.78,4.41,3.66,0.0,5.59,4.76,4.04,0.0,UPTREND,UPTREND,UPTREND,63.0098,NEUTRAL,0.526,0.0471,NEUTRAL,9.8413,36.8398,-80.9091,21975640.0,33927866.67,38440020.0,130655133.7,203589670.2,219087701.25,None,None,None,4.81,-0.0333,-0.0301,-7592382.0,-110633679.0,-101094367.0,-37256037.0,0.0,0.0,0.0,581.0,0.0,23.24,0.0,2020-12-16
99,188,3.6,0.65,0.2203,3.02,2.98,3.6,2.95,212977000.0,686295800.0,9470640.0,4.5,1.28,2.08,1.39,4.05,4.05,0.0,0.0,0.0,0.0,0.0,0.0,0.0,0.0,NONE,NONE,NONE,0.0,OVERSOLD,0.0,0.0,LOW,0.0,0.0,0.0,0.0,0.0,0.0,0.0,0.0,0.0,White Long Day,None,None,2.6,2.6,0.2203,-31757680.0,0.0,0.0,0.0,0.0,0.0,0.0,0.0,0.0,0.0,0.0,2020-06-22
100,191,5.82,-0.1,-0.0169,5.93,5.76,5.95,5.92,32850100.0,191705266.0,-43654234.0,6.7,1.28,5.79,4.0,6.14,6.48,5.39,4.12,3.49,0.0,5.39,4.5,3.84,0.0,UPTREND,UPTREND,UPTREND,66.9008,NEUTRAL,0.6105,0.0521,HIGH,49.4292,63.4827,-41.5094,42505610.0,45662566.67,44610725.0,255825261.2,259077438.93,239143395.2,None,None,None,4.82,-0.0316,-0.03,-92561073.0,-110594985.0,-78445585.0,-37042565.0,0.0,0.0,0.0,582.0,0.0,23.28,0.0,2020-12-09
101,190,3.03,-0.01,-0.0033,3.05,3.02,3.09,3.04,14060000.0,42790670.0,212410.0,4.5,1.28,2.98,2.86,3.12,3.24,3.04,2.99,0.0,0.0,3.03,2.99,0.0,0.0,SIDEWAYS,SIDEWAYS,NONE,51.3695,NEUTRAL,0.0181,0.0388,NEUTRAL,-2.3206,41.358000000000004,-57.4074,27477100.0,36764533.33,31225150.0,83780506.0,113509770.0,96258364.5,None,None,None,2.03,0.0,-0.0098,24499780.0,25386280.0,30203160.0,75757730.0,0.0,0.0,0.0,303.0,0.0,12.12,0.0,2020-10-09
102,191,5.8,0.0,0.0,5.91,5.6,6.23,5.8,72763700.0,427702544.0,-8711226.0,6.7,1.28,5.36,3.4,6.48,6.48,4.57,3.71,3.28,0.0,4.79,4.02,3.52,0.0,UPTREND,UPTREND,UPTREND,76.3036,OVERBOUGHT,0.5224,0.0622,HIGH,113.4797,79.5222,-30.7167,57221870.0,51519780.0,46441285.0,309726321.7,260334185.13,223046876.85,None,None,None,4.8,0.6812,0.0623,-10123959.0,12681035.0,29519175.0,73244455.0,0.0,0.0,0.0,580.0,0.0,23.2,0.0,2020-11-26
103,190,3.21,-0.04,-0.0123,3.25,3.16,3.25,3.25,23137000.0,74519910.0,-3161840.0,4.5,1.28,2.96,2.16,3.25,3.57,2.83,0.0,0.0,0.0,2.94,0.0,0.0,0.0,UPTREND,NONE,NONE,64.1343,NEUTRAL,0.0294,0.0622,HIGH,113.859,94.7818,-5.1282,37674800.0,38606133.33,45387450.0,115643966.0,113775249.33,125449141.5,None,Tweezer Tops,None,2.21,0.1978,-0.0123,40041060.0,38531310.0,49504920.0,0.0,0.0,0.0,0.0,321.0,0.0,12.84,0.0,2020-08-24
104,190,3.16,0.01,0.0032,3.13,3.12,3.24,3.15,23821000.0,75562820.0,1032270.0,4.5,1.28,3.14,2.98,3.46,3.84,3.12,3.07,0.0,0.0,3.14,3.06,0.0,0.0,UPTREND,SIDEWAYS,NONE,52.9974,NEUTRAL,0.0502,0.0446,NEUTRAL,28.4281,49.1228,-63.1579,46328700.0,42678266.67,43186700.0,150454280.0,136201407.33,137526080.5,None,None,None,2.16,0.0429,-0.0678,-11424100.0,47311250.0,39565190.0,90569980.0,0.0,0.0,0.0,316.0,0.0,12.64,0.0,2020-10-21
105,190,3.04,0.01,0.0033,3.02,3.02,3.06,3.03,10023000.0,30467180.0,517390.0,4.5,1.28,3.0,2.8,3.08,3.26,3.04,2.86,0.0,0.0,3.0,2.95,0.0,0.0,DOWNTREND,UPTREND,NONE,55.3744,NEUTRAL,0.0293,0.043,NEUTRAL,-5.9906,72.8205,-20.0,15343200.0,25127666.67,26395200.0,46298973.0,75203168.0,80481537.5,None,Tweezer Bottoms,None,2.04,0.034,0.0201,-6780800.0,4816880.0,45860960.0,67627460.0,0.0,0.0,0.0,304.0,0.0,12.16,0.0,2020-09-18
106,189,3.06,0.03,0.0099,3.03,3.03,3.16,3.03,21749000.0,67269280.0,246900.0,4.5,1.28,2.9,1.39,3.23,4.1,0.0,0.0,0.0,0.0,0.0,0.0,0.0,0.0,NONE,NONE,NONE,65.0312,NEUTRAL,0.0,0.1467,HIGH,0.0,30.1372,-83.3333,57673200.0,105209533.33,0.0,187478109.0,348865634.0,0.0,Inverted Hammer,None,None,2.06,-0.1257,-0.0161,8622860.0,31930550.0,0.0,0.0,0.0,0.0,0.0,102.0,0.0,43.71,0.0,2020-07-09
107,190,3.31,0.08,0.0248,3.25,3.25,3.36,3.23,21998000.0,72734800.0,7101130.0,4.5,1.28,3.14,2.98,3.4,3.66,3.14,3.08,0.0,0.0,3.17,3.07,0.0,0.0,UPTREND,SIDEWAYS,NONE,60.3542,NEUTRAL,0.0554,0.0417,NEUTRAL,99.2521,49.7076,-36.8421,47285600.0,41406000.0,37381350.0,154196438.0,132916695.33,118988472.0,None,None,None,2.31,0.0924,-0.0236,6240530.0,54479170.0,48584870.0,99283390.0,0.0,0.0,0.0,331.0,0.0,13.24,0.0,2020-10-23
108,191,5.93,-0.14,-0.0231,6.06,5.93,6.07,6.07,35181200.0,210040071.0,-5231246.0,6.7,1.28,5.7,3.7,6.24,6.48,5.08,3.95,3.4,0.0,5.21,4.32,3.71,0.0,UPTREND,UPTREND,UPTREND,71.7108,OVERBOUGHT,0.6127,0.0551,HIGH,78.8712,75.2982,-30.9237,44468740.0,48417293.33,45809070.0,262261854.4,263959993.6,235430672.7,Black Long Day,None,None,4.93,-0.0133,-0.0133,-20108000.0,-9716389.0,7244351.0,61297481.0,0.0,0.0,0.0,593.0,0.0,23.72,0.0,2020-12-03
109,189,2.19,-0.17,-0.07200000000000001,2.35,2.1,2.36,2.36,42309000.0,93882720.0,537940.0,4.5,1.28,2.14,2.14,2.66,3.57,2.9,0.0,0.0,0.0,2.75,0.0,0.0,0.0,DOWNTREND,NONE,NONE,48.316,NEUTRAL,0.0,0.1484,HIGH,-145.0017,7.0346,-91.5094,29842900.0,37196333.33,43758050.0,76839439.0,104306564.67,132158774.0,None,None,None,1.19,-0.3743,-0.1577,3345790.0,18766100.0,0.0,0.0,0.0,0.0,0.0,73.0,0.0,31.29,0.0,2020-07-23
110,191,5.91,-0.13,-0.0215,5.9,5.85,5.99,6.04,30688400.0,181770528.0,2178426.0,6.7,1.28,5.8,4.86,6.34,6.48,5.94,4.76,3.87,0.0,5.76,5.01,4.25,0.0,SIDEWAYS,UPTREND,UPTREND,59.1296,NEUTRAL,0.3941,0.0469,NEUTRAL,-35.6197,36.9048,-69.0476,27667340.0,27277000.0,33446165.0,166728762.8,163495478.87,201830533.2,None,None,None,4.91,-0.0166,-0.0215,8606935.0,-90033128.0,-93746721.0,-32462461.0,0.0,0.0,0.0,591.0,0.0,23.64,0.0,2020-12-28
111,190,3.25,0.11,0.035,3.15,3.11,3.25,3.14,64621000.0,207338540.0,31590210.0,4.5,1.28,2.96,2.08,3.36,3.62,2.78,0.0,0.0,0.0,2.91,0.0,0.0,0.0,UPTREND,NONE,NONE,65.7525,NEUTRAL,0.0123,0.0641,HIGH,120.5234,95.1399,0.0,39828700.0,42295400.0,46346050.0,120789321.0,122707378.67,126417282.0,White Long Day,None,None,2.25,0.2127,0.0797,42993700.0,42228880.0,52913660.0,0.0,0.0,0.0,0.0,325.0,0.0,13.0,0.0,2020-08-20
112,191,3.45,0.05,0.0147,3.4,3.4,3.48,3.4,17057000.0,58663560.0,-219360.0,4.5,1.28,3.36,2.98,3.53,3.66,3.24,3.12,0.0,0.0,3.28,3.14,0.0,0.0,UPTREND,UPTREND,NONE,62.5277,NEUTRAL,0.084,0.0384,NEUTRAL,91.4033,82.6299,-18.1818,29527400.0,40689133.33,37928550.0,98584745.0,134340618.67,123344766.5,None,None,None,2.45,0.1386,0.0423,7735910.0,37715300.0,63101580.0,108962540.0,0.0,0.0,0.0,345.0,0.0,13.8,0.0,2020-10-30
113,191,5.81,0.0,0.0,5.8,5.78,5.91,5.81,11864200.0,69104218.0,2520921.0,6.7,1.28,5.76,4.86,6.04,6.48,5.83,4.46,3.69,0.0,5.61,4.8,4.07,0.0,UPTREND,UPTREND,UPTREND,63.0098,NEUTRAL,0.501,0.0453,NEUTRAL,1.8689,30.4113,-70.0,21050940.0,31351846.67,34732130.0,124656229.0,188716051.4,201403832.15,None,None,None,4.81,-0.0333,-0.0301,-5587833.0,-114812286.0,-98354086.0,-35252506.0,0.0,0.0,0.0,581.0,0.0,23.24,0.0,2020-12-17
114,190,3.4,0.21,0.0658,3.22,3.2,3.44,3.19,103305000.0,345251360.0,-3642140.0,4.5,1.28,3.0,2.86,3.42,3.56,3.07,3.03,0.0,0.0,3.08,3.02,0.0,0.0,UPTREND,SIDEWAYS,NONE,70.6088,OVERBOUGHT,0.0232,0.0397,NEUTRAL,288.8068,66.2899,-8.1633,42749800.0,37099066.67,40705950.0,134680468.0,116137042.0,127378522.0,White Long Day,None,None,2.4,0.1221,0.1221,28411780.0,49990240.0,56841870.0,100274160.0,0.0,0.0,0.0,340.0,0.0,13.6,0.0,2020-10-15
115,188,2.75,-0.62,-0.184,4.5,2.72,4.5,3.37,512715000.0,1647365290.0,-48818420.0,4.5,1.28,1.39,1.39,3.94,3.94,0.0,0.0,0.0,0.0,0.0,0.0,0.0,0.0,NONE,NONE,NONE,0.0,OVERSOLD,0.0,0.0,LOW,0.0,0.0,0.0,0.0,0.0,0.0,0.0,0.0,0.0,Black Long Day,Bearish Engulfing,None,1.75,1.75,1.75,0.0,0.0,0.0,0.0,0.0,0.0,0.0,0.0,0.0,0.0,0.0,2020-06-18
116,191,4.12,-0.02,-0.0048,4.14,4.06,4.18,4.14,26274000.0,107975210.0,771550.0,4.5,1.28,3.7,3.05,4.16,4.32,3.5,3.21,3.08,0.0,3.57,3.31,3.09,0.0,UPTREND,UPTREND,UPTREND,77.8561,OVERBOUGHT,0.1638,0.0379,NEUTRAL,180.9901,93.1448,-5.6604,35136600.0,34102933.33,41591850.0,131462821.0,122453771.33,144524196.5,None,None,None,3.12,0.1942,0.0701,9455090.0,16960740.0,68883560.0,112819650.0,0.0,0.0,0.0,412.0,0.0,16.48,0.0,2020-11-10
117,191,3.88,0.1,0.0265,3.8,3.8,3.95,3.78,49284000.0,191590500.0,611420.0,4.5,1.28,3.4,2.99,3.92,3.92,3.35,3.15,3.03,0.0,3.41,3.21,3.03,0.0,UPTREND,UPTREND,UPTREND,75.2609,OVERBOUGHT,0.1157,0.0373,NEUTRAL,200.3568,96.0588,-8.4337,29982800.0,39226466.67,38155750.0,106488576.0,134882105.33,128471428.0,None,None,None,2.88,0.1246,0.1246,-5322860.0,255680.0,58621800.0,100352770.0,0.0,0.0,0.0,388.0,0.0,15.52,0.0,2020-11-05
118,191,5.99,0.0,0.0,6.0,5.96,6.09,5.99,14717800.0,88641665.0,-2271468.0,6.7,1.28,5.74,4.32,6.04,6.48,5.66,4.29,3.59,0.0,5.54,4.66,3.96,0.0,UPTREND,UPTREND,UPTREND,69.4918,NEUTRAL,0.568,0.0472,NEUTRAL,56.4615,48.641999999999996,-50.7143,24128430.0,35100253.33,40675150.0,144307164.8,208854416.07,227016743.25,None,None,None,4.99,-0.0033,0.0,-77855327.0,-113036298.0,-95299354.0,-32527594.0,0.0,0.0,0.0,599.0,0.0,23.96,0.0,2020-12-14
119,191,6.25,0.73,0.1322,5.53,5.3,6.25,5.52,50504500.0,292208500.0,6699528.0,6.25,1.28,4.86,3.36,6.25,6.25,4.33,3.6,3.23,0.0,4.57,3.87,3.42,0.0,UPTREND,UPTREND,UPTREND,90.9052,OVERBOUGHT,0.4496,0.0475,NEUTRAL,160.8356,98.2754,0.0,45758390.0,44833660.0,40499295.0,227315656.2,206654861.47,178648391.1,White Long Day,None,None,5.25,0.8116,0.1447,13934360.0,16458200.0,54173500.0,84376660.0,0.0,0.0,0.0,625.0,0.0,25.0,0.0,2020-11-24
120,190,3.02,-0.01,-0.0033,3.05,3.0,3.07,3.03,27412000.0,83121970.0,2732820.0,4.5,1.28,3.01,2.86,3.12,3.24,3.02,2.91,0.0,0.0,3.03,2.98,0.0,0.0,UPTREND,UPTREND,NONE,51.4606,NEUTRAL,0.0257,0.0431,NEUTRAL,-2.8986,43.2099,-59.2593,38662100.0,30525533.33,27069800.0,120076576.0,94495801.33,83366987.0,None,None,None,2.02,-0.0033,-0.0098,-2370150.0,-5636260.0,45964760.0,56973530.0,0.0,0.0,0.0,302.0,0.0,12.08,0.0,2020-10-01
121,189,3.36,-0.14,-0.04,3.57,3.35,3.61,3.5,64986000.0,224195480.0,1454670.0,4.5,1.28,3.22,1.39,3.62,4.1,0.0,0.0,0.0,0.0,0.0,0.0,0.0,0.0,NONE,NONE,NONE,0.0,OVERSOLD,0.0,0.0,LOW,0.0,0.0,0.0,179610700.0,0.0,0.0,596683364.0,0.0,0.0,Black Long Day,None,None,2.36,-0.04,-0.0427,-3036540.0,0.0,0.0,0.0,0.0,0.0,0.0,112.0,0.0,48.0,0.0,2020-07-01
122,191,4.43,0.1,0.0231,4.3,4.21,4.48,4.33,29547000.0,129945910.0,6246470.0,4.5,1.28,3.81,3.14,4.46,4.46,3.62,3.27,3.11,0.0,3.72,3.39,3.14,0.0,UPTREND,UPTREND,UPTREND,82.6541,OVERBOUGHT,0.2063,0.0398,NEUTRAL,168.7964,94.8612,-4.065,35185200.0,32044600.0,38461900.0,137311253.0,120732715.33,138466827.5,None,None,None,3.43,0.2841,0.1506,17033140.0,28712920.0,76024170.0,119552510.0,0.0,0.0,0.0,443.0,0.0,17.72,0.0,2020-11-13
123,191,4.14,0.29,0.0753,3.88,3.87,4.17,3.85,60079000.0,243667230.0,9576090.0,4.5,1.28,3.57,3.0,4.16,4.32,3.44,3.19,3.07,0.0,3.52,3.27,3.06,0.0,UPTREND,UPTREND,SIDEWAYS,79.1357,OVERBOUGHT,0.146,0.0384,NEUTRAL,205.2124,92.2203,-2.8571,35240200.0,34013000.0,41262900.0,129981126.0,120834254.0,142088782.0,White Long Day,None,None,3.14,0.2,0.0753,3999570.0,17976010.0,61284260.0,112112330.0,0.0,0.0,0.0,414.0,0.0,16.56,0.0,2020-11-09
124,190,3.39,-0.01,-0.0029,3.39,3.37,3.52,3.4,62435000.0,214805120.0,-4460510.0,4.5,1.28,3.0,2.86,3.46,3.66,3.09,3.04,0.0,0.0,3.11,3.04,0.0,0.0,UPTREND,SIDEWAYS,NONE,69.7701,NEUTRAL,0.0318,0.0402,NEUTRAL,268.6767,79.2004,-22.807,46329700.0,39322266.67,43326550.0,148104788.0,124471126.0,136595419.0,Doji,None,None,2.39,0.1188,0.1188,23738860.0,43308250.0,52116370.0,94244140.0,0.0,0.0,0.0,339.0,0.0,13.56,0.0,2020-10-16
125,191,3.68,0.23,0.0667,3.48,3.46,3.7,3.45,51273000.0,185428020.0,-4683970.0,4.5,1.28,3.36,2.98,3.69,4.1,3.27,3.13,0.0,0.0,3.31,3.16,0.0,0.0,UPTREND,UPTREND,NONE,70.2822,OVERBOUGHT,0.0919,0.0382,NEUTRAL,144.9426,83.8809,-3.3898,32162200.0,42794333.33,38882050.0,108759302.0,142751358.67,127619964.5,White Long Day,None,None,2.68,0.0667,0.0667,-2950950.0,32998120.0,56765870.0,98609860.0,0.0,0.0,0.0,368.0,0.0,14.72,0.0,2020-11-03
126,189,3.29,-0.07,-0.0208,3.41,3.27,3.42,3.36,35235000.0,117312080.0,-2210080.0,4.5,1.28,3.22,1.39,3.57,4.1,0.0,0.0,0.0,0.0,0.0,0.0,0.0,0.0,NONE,NONE,NONE,0.0,OVERSOLD,0.0,0.1693,HIGH,0.0,0.0,-37.5776,131862700.0,0.0,0.0,443678043.0,0.0,0.0,Black Long Day,None,None,2.29,-0.06,-0.0627,-4616280.0,0.0,0.0,0.0,0.0,0.0,0.0,109.67,0.0,47.0,0.0,2020-07-02
127,190,3.0,-0.02,-0.0066,3.05,2.95,3.09,3.02,44522000.0,134345000.0,11660260.0,4.5,1.28,2.98,2.86,3.12,3.24,3.04,2.96,0.0,0.0,3.03,2.99,0.0,0.0,UPTREND,SIDEWAYS,NONE,49.2666,NEUTRAL,0.0215,0.0417,NEUTRAL,-54.6055,43.8271,-62.963,40044700.0,36246200.0,30891150.0,124597881.0,111946456.0,95211702.0,None,None,None,2.0,-0.0099,-0.0196,26839750.0,26277680.0,30300420.0,79761700.0,0.0,0.0,0.0,300.0,0.0,12.0,0.0,2020-10-07
128,189,2.6,-0.09,-0.0335,2.7,2.55,2.72,2.69,19937000.0,51954490.0,511650.0,4.5,1.28,2.49,2.49,3.0,3.84,3.14,0.0,0.0,0.0,2.94,0.0,0.0,0.0,DOWNTREND,NONE,NONE,56.0272,NEUTRAL,0.0,0.1419,HIGH,-123.9013,11.3833,-88.5965,33722700.0,47149800.0,73793500.0,96552478.0,145830754.67,245823452.0,None,Tweezer Tops,None,1.6,-0.2571,-0.1304,7118600.0,14529460.0,0.0,0.0,0.0,0.0,0.0,86.67,0.0,37.14,0.0,2020-07-17
129,190,3.03,0.0,0.0,3.04,3.02,3.09,3.03,9399000.0,28606060.0,-113830.0,4.5,1.28,2.96,2.8,3.07,3.26,3.05,2.86,0.0,0.0,2.99,2.95,0.0,0.0,DOWNTREND,UPTREND,NONE,54.8552,NEUTRAL,0.0318,0.0479,NEUTRAL,-7.0396,60.2259,-30.7692,16415900.0,27183000.0,31343550.0,49529877.0,81772620.67,95892386.0,None,None,None,2.03,0.0306,0.0168,-7183990.0,4022740.0,45371630.0,89501030.0,0.0,0.0,0.0,303.0,0.0,12.12,0.0,2020-09-16
130,189,2.68,0.09,0.0347,2.59,2.54,2.77,2.59,78476000.0,208501850.0,535730.0,4.5,1.28,2.16,2.08,2.72,3.23,2.68,0.0,0.0,0.0,2.66,0.0,0.0,0.0,DOWNTREND,NONE,NONE,57.5393,NEUTRAL,0.0,0.1129,HIGH,-6.2511,53.4174,-34.2593,46594700.0,41805733.33,44330100.0,113026064.0,104716565.33,118347628.0,None,None,None,1.68,-0.2343,0.1404,830370.0,10973610.0,42904160.0,0.0,0.0,0.0,0.0,89.33,0.0,38.29,0.0,2020-07-30
131,191,5.93,-0.27,-0.0435,6.25,5.9,6.49,6.2,70907100.0,438544647.0,-3107451.0,6.7,1.28,5.76,5.41,6.34,6.48,5.93,4.64,3.8,0.0,5.71,4.93,4.18,0.0,SIDEWAYS,UPTREND,UPTREND,61.159,NEUTRAL,0.4345,0.0478,NEUTRAL,97.6048,49.5726,-66.6667,27253380.0,26575893.33,34391350.0,163659192.2,159905004.0,206530618.4,None,None,None,4.93,-0.0133,0.0137,8018655.0,-94775142.0,-88520913.0,-29899113.0,0.0,0.0,0.0,593.0,0.0,23.72,0.0,2020-12-22
132,189,2.43,-0.03,-0.0122,2.42,2.35,2.53,2.46,32902000.0,80430520.0,1678950.0,4.5,1.28,2.08,2.08,2.54,3.48,2.75,0.0,0.0,0.0,2.66,0.0,0.0,0.0,DOWNTREND,NONE,NONE,52.7675,NEUTRAL,0.0,0.1315,HIGH,-69.0914,37.2549,-61.3445,42435800.0,37687266.67,43620000.0,102070513.0,95535213.33,120454440.5,None,None,None,1.43,-0.3057,0.034,1201280.0,11666210.0,3127700.0,0.0,0.0,0.0,0.0,81.0,0.0,34.71,0.0,2020-07-28
